{
    "title" : "Pipes",
    "description" : "The classic pipe laying game for the Arduboy.",
    "version" : "1.0.0",     
    "device" : "Arduboy",
    "author" : "Filmote",
    "url" : "https://github.com/filmote/LayingPipe",
    "genre" : "Puzzle",
    "buttonUp" : "Up",
    "buttonDown" : "Down",
    "buttonLeft" : "Left",
    "buttonRight" : "Right",
    "buttonA" : "Select",
    "buttonB" : "Back",
    "date" : " June 2017",
    "idea" : "Filmote",
    "code" : "Filmote",
    "art" : "Filmote",
    "sound" : "Filmote",
    "publisher" : "Filmote",
}